{"cameraMode":{"drawMode":0,"name":"Shaded","section":"Shading Mode"},"sceneLighting":true,"audioPlay":false,"sceneViewState":{"m_AlwaysRefresh":false,"showFog":true,"showSkybox":true,"showFlares":true,"showImageEffects":true,"showParticleSystems":true,"showVisualEffectGraphs":true,"m_FxEnabled":true},"in2DMode":false,"pivot":{"x":536.9545288085938,"y":311.88861083984377,"z":-197.11004638671876},"rotation":{"x":0.037800323218107226,"y":-0.007184167858213186,"z":0.00027163009508512914,"w":0.9992601275444031},"size":290.75421142578127,"orthographic":false}