{"cameraMode":{"drawMode":0,"name":"Shaded","section":"Shading Mode"},"sceneLighting":true,"audioPlay":false,"sceneViewState":{"m_AlwaysRefresh":false,"showFog":true,"showSkybox":true,"showFlares":true,"showImageEffects":true,"showParticleSystems":true,"showVisualEffectGraphs":true,"m_FxEnabled":true},"in2DMode":false,"pivot":{"x":544.274169921875,"y":209.38682556152345,"z":107.0537338256836},"rotation":{"x":0.2597115635871887,"y":0.024616854265332223,"z":-0.006623553112149239,"w":0.9653538465499878},"size":394.3957824707031,"orthographic":false}